﻿<?xml version="1.0" encoding="UTF-8"?>
<!DOCTYPE ligaDeFutbol SYSTEM "golessinatributos.dtd">
<ligaDeFutbol>
  <partido>
    <local goles="0">Nottingham Presa</local>
    <visitante goles="1">Inter de Mitente</visitante>
  </partido>
  <partido>
    <local goles="3">Vodka Juniors</local>
    <visitante goles="3">Sparta da Risa</visitante>
  </partido>
  <partido>
    <local goles="4">Water de Múnich</local>
    <visitante goles="2">Esteaua es del grifo</visitante>
  </partido>
</ligaDeFutbol>