<?xml version="1.0" encoding="UTF-8"?>
<!DOCTYPE sistemaSolar [
	<!ELEMENT sistemaSolar (cuerpo*)>
	<!ELEMENT cuerpo ((planeta|satelite|asteroide)+)>
	<!ELEMENT planeta (#PCDATA)>
	<!ELEMENT satelite (#PCDATA)>
	<!ELEMENT asteroide (#PCDATA)>
]>
<sistemaSolar> <!--Es necesario separar las etiquetas <planeta>,<satelite> y <asteroide>-->
	<cuerpo>
		<planeta>Tierra</planeta>
	</cuerpo>
	<cuerpo>
		<satelite>Luna</satelite>
	</cuerpo>
	<cuerpo>
		<asteroide>Ceres</asteroide>
	</cuerpo>
</sistemaSolar>
