<?xml version="1.0" encoding="UTF-8"?>
<!DOCTYPE musicos [
	<!ELEMENT musicos (musico*)>
	<!ELEMENT musico ((nombre | apodo), fechaNacimiento)> <!--Solo permite la etiqueta <nombre> o <apodo>-->
	<!ELEMENT nombre (#PCDATA)>
	<!ELEMENT apodo (#PCDATA)>
	<!ELEMENT fechaNacimiento (#PCDATA)>
]>
<musicos>
	<musico>
		<nombre>Antonio Vivaldi(El cura pelirrojillo)</nombre>
		<fechaNacimiento>4 de marzo de 1678</fechaNacimiento>
	</musico>
	<musico>
		<nombre>Johann Sebastian Bach(El viejo peluca)</nombre>
		<fechaNacimiento>21 de marzo de 1685</fechaNacimiento>
	</musico>
</musicos>